{
 "miner_host": "127.0.0.1",
 "miner_port": 3333,
 "pools": [
  "auto.skypool.org:6666"
 ],
 "algos": {
  "rx/0": "./xmrig --config=config.json",
  "rx/wow": "./xmrig --config=config.json",
  "rx/loki": "./xmrig --config=config.json",
  "rx/arq": "./xmrig --config=config.json",
  "rx/sfx": "./xmrig --config=config.json"
 },
 "algo_perf": {
  "rx/0": 1,
  "rx/wow": 0,
  "rx/arq": 0,
  "rx/sfx": 0,
  "rx/loki": 0
 },
 "algo_min_time": 0,
 "user": "4AwdYagCfMMKMMrgATmCPZ7gVyUs4Kuvogyw6WgvLKzBZXdUw6vVVc9DxdoizLY7cTSRy8qunRgkQMhKr7Dd8WWRU2yoPzu",
 "pass": "x",
 "log_file": null,
 "watchdog": 600,
 "hashrate_watchdog": 0
}
